Voucher Identifier,Location,Date,Month,Day,Year,WP,Species,,Quantity,ID,fun.grp,Notes,Voucher,nick,,,,,,
,,4.21.2018,April,21,2018,17,PP,"V,1",0,miridae - black shiny,,,,beetle/hemiptera,,,,,,
,,5.3.2018,May,3,2018,255,SD,"V,1",0,mythicomyiidae,fly,,,fly,,,,,,
,,4.28.2018,April,28,2018,190,EC,"V, 1",0,black and red hemiptera,,,crossed,black and red hemiptera,,,,,,634
PP.2.April.21.2018.Braun.1,Packer lab,4.21.2018,April,21,2018,2,PP,V,1,lasioglossum,bee,green metallic,,lasioglossum,,,,,,
PP.2.April.21.2018.Braun.2,,4.21.2018,April,21,2018,2,PP,V,1,omomyia,fly,,,Richardiidae,,,,,,
PP.2.April.21.2018.Braun.3,,4.21.2018,April,21,2018,2,PP,V,1,tachinid ,fly,"small, black, shiny, 2nd antennal segment long and weird",,small tachinid,,,,,,
HH.4.April.21.2018.Braun.1,Packer lab,4.21.2018,April,21,2018,4,HH,V,1,diadasia,bee,,"usual one. Large, rinconis?",diadasia,,,,,,
,,4.21.2018,April,21,2018,7,AS ,V,1,agromyzidae,fly,,,black ovipositor fly ,,,,,,
PP.9.April.21.2018.Braun.1,Packer lab,4.21.2018,April,21,2018,9,PP,V,1,ashmeadiella,bee,,,ashmeadiellia,,,,,,
,,4.21.2018,April,21,2018,10,EC,V,0,sciaridae,fly,long probsicus,"same shape as later yellow one, ",white abdomen fly,,,,,,
EC.11.April.21.2018.Braun.1,,4.21.2018,April,21,2018,11,EC,V,1,collops,bee,white and black,,beetle,,,,,,
EC.11.April.21.2018.Braun.2,,4.21.2018,April,21,2018,11,EC,V,1,hylaeus,bee,2 yellow stripes,2 stripes? Hard to tell in vial. If not a hyleus than a lasioglossum,hylaeus,,,,,,
PP.15.April.21.2018.Braun.1,Packer lab,4.21.2018,April,21,2018,15,PP,V,1,ashmeadiella ,bee,"different, larger, light colour tarsia",,ashmeadiella,,,,,,
PP.17.April.21.2018.Braun.1,Packer lab,4.21.2018,April,21,2018,17,PP,V,1,ashmeadiella,bee,,,ashmeadiella?,,,,,,
,,4.22.2018,April,22,2018,22,AS,V,1,agromyzidae,fly,male - yellow halteres and costa,,very small fly,,,,,,
,,4.22.2018,April,22,2018,23,EC,V,1,agromyzidae,fly,female - yellow halteres and costa,,black ovipositor fly ,,,,,,
EC.23.April.22.2018.Braun.1,,4.22.2018,April,22,2018,23,EC,V,1,Yponomeutoidea ,lep,,early silvery moths different than spotted wing,silvery moth  ,,,,,,
AS.26.April.22.2018.Braun.1,,4.22.2018,April,22,2018,26,AS,V,1,collops,beetle,red and black,,red and black melyrid,,,,,,
PP.27.April.22.2018.Braun.1,Packer lab,4.22.2018,April,22,2018,27,PP,V,1,ashmeadiella,bee,,cactus meg,ashmeadiella,,,,,,
,,4.22.2018,April,22,2018,29,AS,V,1,agromyzidae,fly,female - yellow halteres and costa,,black ovipositor fly ,,,,,,
PP.31.April.22.2018.Braun.1,Packer lab,4.22.2018,April,22,2018,31,PP,V,1,ashmeadiella,bee,,,ashmeadiella,,,,,,
,,4.22.2018,April,22,2018,31,PP,V,1,omomyia,fly,Richardiidae,,ulididae?,,,,,,
PP.31.April.22.2018.Braun.2,,4.22.2018,April,22,2018,31,PP,V,1,sarcophagidae,fly,blotchy tergites,,tachinid,,,,,,
,,4.22.2018,April,22,2018,44,AS,V,1,agromyzidae,fly,female - yellow halteres and costa,,black ovipositor fly ,,,,,,
AS.47.April.23.2018.Braun.1,,4.23.2018,April,23,2018,47,AS,V,1,bombyliidae - Part smokey wings,beefly,,,bombyliid - 1/2 black wigs,,,,,,
,,4.23.2018,April,23,2018,47,AS,V,1,Yponomeutoidea ,lep,,,silvery moth,,,,,,
SD.49.April.23.2018.Braun.1,,4.23.2018,April,23,2018,49,SD,V,1,braconidae?,wasp,don’t know,,wasp,,,,,,
SM.50.April.23.2018.Braun.1,Packer lab,4.23.2018,April,23,2018,50,SM,V,1,anthophora,bee,,,white faced eucera?,,,,,,
PP.53.April.23.2018.Braun.1,Packer lab,4.23.2018,April,23,2018,53,PP,V,1,ashmeadiella,bee,,,ashmeadiella,,,,,,
,,4.23.2018,April,23,2018,54,AS,V,3,agromyzidae,fly,2 female and 1 male - yellow halteres,,black ovipositor fly ,,,,,,
PP.55.April.23.2018.Braun.1,Packer lab,4.23.2018,April,23,2018,55,PP,V,1,ashmeadiella,bee,,,ashmeadiella,,,,,,
LT.61.April.23.2018.Braun.1,,4.23.2018,April,23,2018,61,LT,V,1,sarcophagidae,fly,blotchy tergites,,sarcophagidae,,,,,,
EC.65.April.23.2018.Braun.1,,4.23.2018,April,23,2018,65,EC,V,1,collops,bee,"red and black, different ",,black and red beetle,,,,,,
PP.70.April.24.2018.Braun.1,Packer lab,4.24.2018,April,24,2018,70,PP,V,1,ashmeadiella,bee,,smaller,ashmeadiella,,,,,,
PP.70.April.24.2018.Braun.2,Packer lab,4.24.2018,April,24,2018,70,PP,V,1,lasioglossum,bee,,,lasioglossum,,,,,,
LT.85.April.24.2018.Braun.1,Packer lab,4.24.2018,April,24,2018,85,LT,V,1,megachile ,bee,same as caught on 85,,megachilidae,,,,,,
SC.87.April.24.2018.Braun.1,Packer lab,4.24.2018,April,24,2018,87,SC,V,1,diadasia,bee,,,diadasia,,,,,,
SC.88.April.24.2018.Braun.1,Packer lab,4.24.2018,April,24,2018,88,SC,V,1,lasioglossum - red,bee,red abdomen,,red abdomen bee,,,,,,
EC.90.April.24.2018.Braun.1,Packer lab,4.24.2018,April,24,2018,90,EC,V,1,hylaeus,bee,2 stripes,,small black bee,,,,,,
LT.101.April.25.2018.Braun.1,Packer lab,4.25.2018,April,25,2018,101,LT,V,1,colletes,bee,,,hesperapis,,,,,,
LT.105.April.25.2018.Braun.1,Packer lab,4.25.2018,April,25,2018,105,LT,V,1,hylaeus,bee,,,hylaeus,,,,,,
,,4.25.2018,April,25,2018,106,EC,V,1,Yponomeutoidea ,lep,,,silvery moth,,,,,,
EC.111.April.25.2018.Braun.1,,4.25.2018,April,25,2018,111,EC,V,1,click beetle,beetle,,,click beetle,,,,,,
SC.112.April.25.2018.Braun.1,Packer lab,4.25.2018,April,25,2018,112,SC,V,1,ashmeadiella,bee,,,ashmeadiella,,,,,,
SC.112.April.25.2018.Braun.2,Packer lab,4.25.2018,April,25,2018,112,SC,V,1,lasioglossum - red,bee,,,red abdomen bee,,,,,,
SC.112.April.25.2018.Braun.3,Packer lab,4.25.2018,April,25,2018,112,SC,V,1,ashmeadiella,bee,,,ashmeadiella,,,,,,
SC.139.April.27.2018.Braun.1,Packer lab,4.27.2018,April,27,2018,139,SC,V,1,lasioglossum,bee,,,lasioglossum,,,,,,
EC.143.April.27.2018.Braun.1,Packer lab,4.27.2018,April,27,2018,143,EC,V,1,hylaeus,bee,,,hyleus,,,,,,
EC.147.April.27.2018.Braun.1,Packer lab,4.27.2018,April,27,2018,147,EC,V,1,lasioglossum,bee,,,lasioglossum,,,,,,
EC.153.April.27.2018.Braun.1,,4.27.2018,April,27,2018,153,EC,V,1,"bombyliid - small, white",beefly,,,bombyliid,,,,,,
SD.160.April.27.2018.Braun.1,Packer lab,4.27.2018,April,27,2018,160,SD,V,1,osmia,bee,,,osmia,,,,,,
SC.164.April.28.2018.Braun.1,,4.28.2018,April,28,2018,164,SC,V,1,tachinid,fly,,,anthomyiidae?,,,,,,
EC.172.April.28.2018.Braun.1,,4.28.2018,April,28,2018,172,EC,V,1,"bombyliid - small, spotted wings",beefly,,,bombyliid,,,,,,
,,4.28.2018,April,28,2018,175,SC,V,1,omomyia,fly,,,ulididae?,,,,,,
SC.180.April.28.2018.Braun.1,Packer lab,4.28.2018,April,28,2018,180,SC,V,1,lasioglossum,bee,,"small, label misdated. ",lasioglossum?,,,,,,
,,4.28.2018,April,28,2018,187,EC,V,0,sciaridae,fly,,similar to yellow abdomen fly - check to see if colour fades in alchol. Same shape!,white abdomen,,,,,,
EC.191.April.28.2018.Braun.1,,4.28.2018,April,28,2018,191,EC,V,1,muscidae?,fly,,label misdated,fly,,,,,,
EC.192.April.28.2018.Braun.1,,4.28.2018,April,28,2018,192,EC,V,1,tachinid,fly,,,tachinid,,,,,,
LT.193.April.28.2018.Braun.1,Packer lab,4.28.2018,April,28,2018,193,LT,V,1,colletes,bee,,less common - haven't seen before or after,bee,,,,,,
SC.196.April.28.2018.Braun.1,Packer lab,4.28.2018,April,28,2018,196,SC,V,1,ashmeadiella,bee,,,megachild?,,,,,,
SC.196.April.28.2018.Braun.2,Packer lab,4.28.2018,April,28,2018,196,SC,V,1,ashmeadiella,bee,,,ashmeadiella,,,,,,
SC.198.April.30.2018.Braun.1,Packer lab,4.30.2018,April,30,2018,198,SC,V,1,diadasia,bee,ant on leg,"large, not quite as long as usual ",diadasa?,,,,,,
PP.208.April.30.2018.Braun.1,don't know,4.30.2018,April,30,2018,208,PP,V,1,lasioglossum,bee,,,lasioglossum? ,,,,,,
,,4.30.2018,April,30,2018,212,AS,V,1,agromyzidae,fly,,,diptera,,,,,,
EC.218.April.30.2018.Braun.1,,4.30.2018,April,30,2018,218,EC,V,1,tachinid,fly,,,tachinid,,,,,,
AS.220.April.30.2018.Braun.1,,4.30.2018,April,30,2018,220,AS,V,1,tachinid,fly,,,tachinid,,,,,,
EC.230.April.30.2018.Braun.1,Packer lab,4.30.2018,April,30,2018,230,EC,V,1,hylaeus,bee,,,hylaeus,,,,,,
,,5.3.2018,May,3,2018,241,EC,V,0,sciaridae,fly,,,orange/yellow bellied fly,,,,,,
LT.242.May.3.2018.Braun.1,Packer lab,5.3.2018,May,3,2018,242,LT,V,1,hesperapis,bee,,"small, looks a lot like hesperapis. Maybe is female?",bee,,,,,,
AS.245.May.3.2018.Braun.1,,5.3.2018,May,3,2018,245,AS,V,1,vespidae,wasp,,"long, black and yellow",wasp,,,,,,
SC.248.May.3.2018.Braun.1,Packer lab,5.3.2018,May,3,2018,248,SC,V,1,ashmeadiella,bee,,looked like one could be different than usual,ashmeadiella,,,,,,
SC.248.May.3.2018.Braun.2,Packer lab,5.3.2018,May,3,2018,248,SC,V,1,ashmeadiella,bee,,looked like one could be different than usual,ashmeadiella,,,,,,
EC.252.May.3.2018.Braun.1,,5.3.2018,May,3,2018,252,EC,V,1,lasioglossum,bee,,new today,lasioglossum? Small and black,,,,,,
BW.263.May.4.2018.Braun.1,,5.4.2018,May,4,2018,263,BW,V,1,tachinid,fly,,,tachinid,,,,,,
,,5.4.2018,May,4,2018,264,EC,V,1,Lithriapteryx,lep,,,silvery moth - spots on wings,,,,,,
,,5.4.2018,May,4,2018,267,AS,V,0,lygaoidea?,,,,hemiptera,,,,,,
LT.271.May.4.2018.Braun.1,,5.4.2018,May,4,2018,271,LT,V,1,allograpta exotica,syrphid,,new! Vertical marks near bottom of abdomen,syrphid,,,,,,
LT.275.May.4.2018.Braun.1,Packer lab,5.4.2018,May,4,2018,275,LT,V,1,colletes,bee,,"grey hair, hair bands, same as photo. Face shaped as colletes - this is the vouchers for all colletes on larrea so far",colletes,,,,,,
LT.275.May.4.2018.Braun.2,Packer lab,5.4.2018,May,4,2018,275,LT,V,1,colletes,bee,,"grey hair, hair bands, same as photo. Face shaped as colletes - this is the vouchers for all colletes on larrea so far",colletes,,,,,,
AS.277.May.4.2018.Braun.1,Packer lab,5.4.2018,May,4,2018,277,AS,V,1,lasioglossum,bee,,fuzzy/pale haired greenish one,lasioglossum,,,,,,
SC.285.May.4.2018.Braun.1,Packer lab,5.4.2018,May,4,2018,285,SC,V,1,ashmeadiella,bee,,all black,ashmeadiella,,,,,,
SC.285.May.4.2018.Braun.2,Packer lab,5.4.2018,May,4,2018,285,SC,V,1,diadasia,bee,,abdomen seems extra stripey,diadasia,,,,,,
SC.285.May.4.2018.Braun.3,Packer lab,5.4.2018,May,4,2018,285,SC,V,1,lasioglossum - red,bee,,,lasioglossum,,,,,,
AS.287.May.5.2018.Braun.1,,5.5.2018,May,5,2018,287,AS,V,1,"bombyliidae - grey, 3 stripes",beefly,,"3 stripes, brian saw this one",grey bombylid,,,,,,
LT.295.May.5.2018.Braun.1,Packer lab,5.5.2018,May,5,2018,295,LT,V,1,centris pallida,bee,,"grey, fluffy, green eye, big scopa",large apidae! ,,,,,,
SC.296.May.5.2018.Braun.1,Packer lab,5.5.2018,May,5,2018,296,SC,V,1,ashmeadiella,bee,,"one small, one reg",ashmeadiella,,,,,,
SC.296.May.5.2018.Braun.2,Packer lab,5.5.2018,May,5,2018,296,SC,V,1,ashmeadiella,bee,,"one small, one reg",ashmeadiella,,,,,,
BW.301.May.5.2018.Braun.1,Packer lab,5.5.2018,May,5,2018,301,BW,V,1,lasioglossum - big,bee,,,halictus?,,,,,,
BW.301.May.5.2018.Braun.2,,5.5.2018,May,5,2018,301,BW,V,1,tachinid,fly,,,tachinid,,,,,,
SC.303.May.5.2018.Braun.1,Packer lab,5.5.2018,May,5,2018,303,SC,V,1,diadasia,bee,,,diadasia ,,,,,,
SC.303.May.5.2018.Braun.2,Packer lab,5.5.2018,May,5,2018,303,SC,V,1,diadasia,bee,,,diadasia ,,,,,,
BW.305.May.5.2018.Braun.1,,5.5.2018,May,5,2018,305,BW,V,1,sarcophagidae,fly,,,anthomyiidae?,,,,,,
SC.311.May.5.2018.Braun.1,Packer lab,5.5.2018,May,5,2018,311,SC,V,1,diadasia,bee,has ant,smaller than usual,diadasia,,,,,,
SC.311.May.5.2018.Braun.2,pinned,5.5.2018,May,5,2018,311,SC,V,1,lasioglossum,bee,,,lasioglossum,,,,,,
SC.312.May.6.2018.Braun.1,Packer lab,5.6.2018,May,6,2018,312,SC,V,1,ashmeadiella,bee,,small,ashmeadiella,,,,,,
LT.319.May.6.2018.Braun.1,,5.6.2018,May,6,2018,319,LT,V,1,pseudodoros clavatus,syphid,,,syrphid,,,,,,
SC.322.May.6.2018.Braun.1,Packer lab,5.6.2018,May,6,2018,322,SC,V,1,diadasia,bee,,,diadasia,,,,,,
SC.322.May.6.2018.Braun.2,Packer lab,5.6.2018,May,6,2018,322,SC,V,1,diadasia,bee,,,diadasia,,,,,,
AS.323.May.6.2018.Braun.1,,5.6.2018,May,6,2018,323,AS,V,1,striped beetle,beetle,,looks a bit like a cucumber beetle,beetle,,,,,,
SC.326.May.6.2018.Braun.1,,5.6.2018,May,6,2018,326,SC,V,1,pompilidae,wasp,,walked into flower,black wasp,,,,,,
AS.327.May.6.2018.Braun.1,Packer lab,5.6.2018,May,6,2018,327,AS,V,1,ashmeadiella - red legs,bee,,"different, red legs",ashmeadiella,,,,,,
SC.328.May.6.2018.Braun.1,Packer lab,5.6.2018,May,6,2018,328,SC,V,1,diadasia,bee,,,diadasia,,,,,,
,,5.7.2018,May,7,2018,336,BW,V,1,Yponomeutoidea ,lep,,,moth,,,,,,
BW.338.May.7.2018.Braun.1,,5.7.2018,May,7,2018,338,BW,V,1,sarcophagidae,fly,"2 vouchers, not included, not tach",,flies,,,,,,
BW.338.May.7.2018.Braun.2,,5.7.2018,May,7,2018,338,BW,V,1,sarcophagidae,fly,,,flies,,,,,,
BW.338.May.7.2018.Braun.3,,5.7.2018,May,7,2018,338,BW,V,1,tachinid,fly,,,flies,,,,,,
LT.339.May.7.2018.Braun.1,Packer lab,5.7.2018,May,7,2018,339,LT,V,1,colletes,bee,,looks like small colletes or big hesperapis,bee,,,,,,
SC.341.May.7.2018.Braun.1,,5.7.2018,May,7,2018,341,SC,V,1,pompilidae,wasp,,,wasp,,,,,,
,,5.7.2018,May,7,2018,342,AS,V,1,Yponomeutoidea ,lep,,,moth,,,,,,
,,5.7.2018,May,7,2018,344,AS,V,1,Yponomeutoidea ,lep,,,moth,,,,,,
BW.355.May.7.2018.Braun.1,,5.7.2018,May,7,2018,355,BW,V,1,Eumeninae -red,wasp,,,nectar wasp,,,,,,
SC.356.May.7.2018.Braun.1,Packer lab,5.7.2018,May,7,2018,356,SC,V,1,diadasia,bee,,,diadasia,,,,,,
SC.359.May.7.2018.Braun.1,Packer lab,5.7.2018,May,7,2018,359,SC,V,1,diadasia,bee,,,diadasia,,,,,,
AS.361.May.8.2018.Braun.1,,5.8.2018,May,8,2018,361,AS,V,1,bombylid - black and white,beefly,,with black and white ab,bombylid,,,,,,
LT.366.May.8.2018.Braun.1,Packer lab,5.8.2018,May,8,2018,366,LT,V,1,colletes,bee,,larger colletes,colletes,,,,,,
AS.371.May.8.2018.Braun.1,Packer lab,5.8.2018,May,8,2018,371,AS,V,1,colletes,bee,,small colletes/large hesperapis,bee,,,,,,
,,4.27.2018,April,27,2018,156,SC,many,many,ants,ant,,,ants,,,,,,
,,4.26.2018,April,26,2018,124,PP,9,9,diadasia,bee,all visits <1 second,,diadasia,,,,,,
,,5.5.2018,May,5,2018,303,SC,9,9,ashmeadiella,bee,,,ashmeadiella,,,,,,
,,4.22.2018,April,22,2018,23,EC,8,8,hylaeus,bee,"light clypeus, visited many times, photo",,hylaeus,,,,,,
,,4.27.2018,April,27,2018,147,EC,8,8,hylaeus,bee,white/yellow faced,,hylaeus,,,,,,
,,5.5.2018,May,5,2018,296,SC,7,7,ashmeadiella,bee,reg,,ashmeadiella,,,,,,
,,5.4.2018,May,4,2018,262,SM,6,0,Eumeninae -red,wasp,robbing,,nectar robbing wasp  ,,,,,,
,,5.7.2018,May,7,2018,338,BW,6,6,hylaeus,bee,white/yellow faced,,hylaeus,,,,,,
,,5.7.2018,May,7,2018,351,SC,6,6,ashmeadiella,bee,,,ashmeadiella,,,,,,
,,4.26.2018,April,26,2018,132,EC,5,5,hylaeus,bee,2 stripe,,hylaeus,,,,,,
,,5.3.2018,May,3,2018,242,LT,5,5,honeybee,honeybee,,,honeybee,,,,,,
,,5.4.2018,May,4,2018,283,AS,5,5,hylaeus,bee,white/yellow faced,,hylaeus,,,,,,
,,5.6.2018,May,6,2018,320,LT,5,5,Eumeninae -red,wasp,not robbing,,nectar robbing wasp  ,,,,,,
,,5.7.2018,May,7,2018,341,SC,5,5,ashmeadiella,bee,,,ashmeadiella,,,,,,
,,5.8.2018,May,8,2018,384,LT,5,5,centris,bee,red-eyed,,centris,,,,,,
,,4.25.2018,April,25,2018,112,SC,4,4,ashmeadiella,bee,cactus meg,,ashmeadiella,,,,,,
,,4.25.2018,April,25,2018,114,SC,4,4,ashmeadiella,bee,cactus meg,,ashmeadiella,,,,,,
,,4.28.2018,April,28,2018,173,LT,4,4,colletes,bee,,,hesperapis,,,,,,
,,5.4.2018,May,4,2018,262,SM,4,4,anthophora,bee,got photos today,,white face eucera - have voucher,,,,,,
,,5.4.2018,May,4,2018,273,AS,4,4,hylaeus,bee,white/yellow faced,,hylaeus,,,,,,
,,5.4.2018,May,4,2018,275,LT,4,4,honeybee,honeybee,,,honeybee,,,,,,
,,5.7.2018,May,7,2018,338,BW,4,4,tachinid,fly,,,muscoidea,,,,,,
,,5.7.2018,May,7,2018,340,BW,4,4,Yponomeutoidea ,lep,"same as earlier, vouchers",,moth ,,,,,,
,,5.7.2018,May,7,2018,350,SC,4,4,ashmeadiella,bee,,,ashmeadiella,,,,,,
,,5.7.2018,May,7,2018,356,SC,4,4,ashmeadiella,bee,,,ashmeadiella,,,,,,
,,4.21.2018,April,21,2018,6,LT,3,3,honeybee,honeybee,,,honeybee,,,,,,
,,4.21.2018,April,21,2018,13,LT,3,3,honeybee,honeybee,,,honeybee,,,,,,
,,4.22.2018,April,22,2018,33,LT,3,3,honeybee,honeybee,,,honeybee,,,,,,
,,4.24.2018,April,24,2018,82,LT,3,3,colletes,bee,,,hesperapis,,,,,,
,,4.24.2018,April,24,2018,85,LT,3,3,honeybee,honeybee,,,honeybee,,,,,,
,,4.24.2018,April,24,2018,87,SC,3,3,ashmeadiella,bee,,,cactus meg,,,,,,
,,4.25.2018,April,25,2018,101,LT,3,3,colletes,bee,includes voucher,,hesperapis,,,,,,
,,4.26.2018,April,26,2018,127,AS,3,3,bembecini ,wasp,crazy green eyed wasp,,bembecini ,"happy face on back, yellow and black, zigzaggy stripes, 2 cms, green eyed",,,,,
,,4.27.2018,April,27,2018,140,PP,3,3,honeybee,honeybee,,,honeybee,,,,,,
,,4.27.2018,April,27,2018,144,HH,3,3,diadasia,bee,,,diadasia,,,,,,
,,4.27.2018,April,27,2018,148,EC,3,3,hylaeus,bee,white/yellow faced,,hylaeus,,,,,,
,,4.27.2018,April,27,2018,151,LT,3,3,colletes,bee,,,colletes,,,,,,
,,4.27.2018,April,27,2018,153,EC,3,3,hylaeus,bee,,,hylaeus,,,,,,
,,4.27.2018,April,27,2018,156,SC,3,3,ashmeadiella,bee,,,ashmeadiella,,,,,,
,,4.27.2018,April,27,2018,159,LT,3,3,honeybee,honeybee,,,honeybee,,,,,,
,,4.30.2018,April,30,2018,207,SC,3,3,diadasia,bee,grey,,diadasia,,,,,,
,,5.4.2018,May,4,2018,271,LT,3,3,colletes,bee,,,hesperapis,,,,,,
,,5.4.2018,May,4,2018,275,LT,3,3,colletes,bee,,,hesperapis,,,,,,
,,5.4.2018,May,4,2018,276,LT,3,3,honeybee,honeybee,,,honeybee,,,,,,
,,5.4.2018,May,4,2018,286,LT,3,3,honeybee,honeybee,,,honeybee,,,,,,
,,5.5.2018,May,5,2018,295,LT,3,3,honeybee,honeybee,,,honeybee,,,,,,
,,5.5.2018,May,5,2018,298,SC,3,3,ashmeadiella,bee,reg,,ashmeadiella,,,,,,
,,5.5.2018,May,5,2018,301,BW,3,3,tachinid,fly,voucher!,,tachinid,,,,,,
,,5.6.2018,May,6,2018,315,LT,3,3,honeybee,honeybee,,,honeybee,,,,,,
,,5.6.2018,May,6,2018,322,SC,3,3,diadasia,bee,same as voucher,,diadasia,,,,,,
,,5.8.2018,May,8,2018,361,AS,3,3,Eumeninae -red,wasp,not robbing,,nectar wasp,,,,,,
,,5.8.2018,May,8,2018,374,SC,3,3,ashmeadiella,bee,,,ashmeadiella,,,,,,
,,5.8.2018,May,8,2018,375,BW,3,3,Eumeninae -red,wasp,not robbing,,nectar wasp,,,,,,
,,5.8.2018,May,8,2018,378,BW,3,3,Eumeninae -red,wasp,,,nectar wasp,,,,,,
LT.3.April.21.2018.Braun.1,,4.21.2018,April,21,2018,3,LT,2,2,honeybee,honeybee,,,honeybee,,,,,,
,,4.22.2018,April,22,2018,26,AS,2,2,hylaeus,bee,same as photo,,hylaeus,,,,,,
,,4.22.2018,April,22,2018,27,PP,2,2,ashmeadiella ,bee,many vouchers,,cactus meg,,,,,,
,,4.23.2018,April,23,2018,52,SD,2,2,grey fuzzy bee,bee,"bee - small/medium, grey fuzzy, round and longish abdomen. Small apiaform or megachile. Medium length antenna. Have spotted several times of salvia dorria",,"bee - small/medium, grey fuzzy, round and longish abdomen. Small apiaform or megachile. Medium length antenna. Have spotted several times of salvia dorria",,,,,,
,,4.23.2018,April,23,2018,52,SD,2,2,honeybee,honeybee,,,honeybee,,,,,,
,,4.23.2018,April,23,2018,65,EC,2,2,honeybee,honeybee,,,honeybee,,,,,,
,,4.23.2018,April,23,2018,65,EC,2,2,hylaeus,bee,white/yellow faced,,hylaeus,,,,,,
,,4.23.2018,April,23,2018,67,EC,2,0,mythicomyiidae,fly,,,mythicomyiidae,,,,,,
,,4.24.2018,April,24,2018,74,PP,2,2,diadasia,bee,visited many times but generally landed on outer portion of petal,,diadasia,,,,,,
,,4.24.2018,April,24,2018,86,LT,2,2,honeybee,honeybee,,,honeybee,,,,,,
,,4.24.2018,April,24,2018,88,SC,2,2,ashmeadiella,bee,,,cactus meg,,,,,,
,,4.24.2018,April,24,2018,93,SC,2,2,ashmeadiella,bee,,,cactus meg,,,,,,
,,4.25.2018,April,25,2018,97,PP,2,2,diadasia,bee,,,diadasia,,,,,,
,,4.25.2018,April,25,2018,105,LT,2,2,hylaeus,bee,white/yellow faced,inc voucher,hylaeus,,,,,,
,,4.25.2018,April,25,2018,106,EC,2,2,bombylinae - orange,beefly,have photo,,orange beefly,,,,,,
,,4.25.2018,April,25,2018,110,EC,2,2,hylaeus,bee,yellow stripe,,hylaeus,,,,,,
,,4.25.2018,April,25,2018,110,EC,2,2,hylaeus,bee,white/yellow faced,,hylaeus,,,,,,
,,4.25.2018,April,25,2018,119,SC,2,2,ashmeadiella,bee,,,ashmeadiella,,,,,,
,,4.26.2018,April,26,2018,126,SC,2,2,ashmeadiella,bee,,,ashmeadiella,,,,,,
,,4.26.2018,April,26,2018,127,AS,2,2,"bombyliidae - grey, slender",beefly,,,grey bombylid,,,,,,
,,4.27.2018,April,27,2018,149,LT,2,2,colletes,bee,,,hesperapis,,,,,,
,,4.27.2018,April,27,2018,152,SC,2,2,ashmeadiella,bee,,,ashmeadiella,,,,,,
,,4.28.2018,April,28,2018,163,LT,2,2,hesperapis,bee,,,hesperapis,,,,,,
,,4.28.2018,April,28,2018,167,SC,2,2,ashmeadiella,bee,,,ashmeadiella,,,,,,
,,4.28.2018,April,28,2018,169,LT,2,2,colletes,bee,,,hesperapis,,,,,,
,,4.28.2018,April,28,2018,182,LT,2,2,ashmeadiella,bee,,,ashmeadiella,,,,,,
,,4.28.2018,April,28,2018,184,SC,2,2,tachinid,fly,,,tachinid,,,,,,
,,4.30.2018,April,30,2018,199,LT,2,2,colletes,bee,,,hesperapis,,,,,,
,,4.30.2018,April,30,2018,199,LT,2,2,honeybee,honeybee,,,honeybee,,,,,,
,,4.30.2018,April,30,2018,209,SM,2,2,Eumeninae -red,wasp,,,nectar robbing wasp  ,,,,,,
,,4.30.2018,April,30,2018,222,EC,2,2,hylaeus,bee,white/yellow faced,,hylaeus,,,,,,
,,4.30.2018,April,30,2018,227,EC,2,2,lasioglossum,bee,"green metallic, fuzzy, pale hair",,lasioglossum,,,,,,
,,4.30.2018,April,30,2018,228,SC,2,2,diadasia,bee,,,diadasia,,,,,,
,,5.3.2018,May,3,2018,240,LT,2,2,honeybee,honeybee,,,honeybee,,,,,,
,,5.4.2018,May,4,2018,265,LT,2,2,honeybee,honeybee,,,honeybee,,,,,,
,,5.4.2018,May,4,2018,268,SC,2,2,ashmeadiella,bee,cactus meg,,ashmeadiella,,,,,,
,,5.4.2018,May,4,2018,271,LT,2,2,honeybee,honeybee,,,honeybee,,,,,,
,,5.4.2018,May,4,2018,276,LT,2,2,colletes,bee,,,hesperapis,,,,,,
,,5.4.2018,May,4,2018,277,AS,2,2,agromyzidae,fly,,,black ovipositor fly ,,,,,,
,,5.5.2018,May,5,2018,295,LT,2,2,colletes,bee,,,colletes,,,,,,
,,5.5.2018,May,5,2018,303,SC,2,2,diadasia,bee,same as two caught,,diadasia,,,,,,
,,5.5.2018,May,5,2018,310,BW,2,2,hylaeus,bee,2 stripe,,hylaeus,,,,,,
,,5.6.2018,May,6,2018,312,SC,2,2,ashmeadiella,bee,,,ashmeadiella,,,,,,
,,5.6.2018,May,6,2018,312,SC,2,2,ashmeadiella,bee,small,,ashmeadiella,,,,,,
,,5.6.2018,May,6,2018,322,SC,2,2,ashmeadiella,bee,,,ashmeadiella,,,,,,
,,5.7.2018,May,7,2018,337,AS,2,2,mellisodes,bee,"red antenna, pale grey hair",,mellisodes,,,,,,
,,5.7.2018,May,7,2018,338,BW,2,2,Yponomeutoidea ,lep,"same as earlier, vouchers",,moth ,,,,,,
,,5.7.2018,May,7,2018,354,BW,2,2,Euphilotes mojave,lep,,,hairstreak,,,,,,
,,5.8.2018,May,8,2018,364,HH,2,2,diadasia,bee,,,diadasia,,,,,,
,,5.8.2018,May,8,2018,366,LT,2,2,honeybee,honeybee,,,honeybee,,,,,,
,,5.8.2018,May,8,2018,372,AS,2,2,mellisodes,bee,,,mellisodes,,,,,,
,,5.8.2018,May,8,2018,375,BW,2,2,hylaeus,bee,white/yellow faced,,hylaeus,,,,,,
,,5.8.2018,May,8,2018,385,SC,2,2,ashmeadiella,bee,,,ashmeadiella,,,,,,
PP.2.April.21.2018.Braun.1,,4.21.2018,April,21,2018,2,PP,1,1,tachinid ,fly,<1s,N,"tachinid - small, black",,,,,,
LT.3.April.21.2018.Braun.1,,4.21.2018,April,21,2018,3,LT,1,1,hoplitis?,bee,looks like photo from last year,,hoplitis?,,,,,,
HH.4.April.21.2018.Braun.1,,4.21.2018,April,21,2018,4,HH,1,1,diadasia,bee,"same as voucher, large",Y,diadasia,,,,,,
,,4.21.2018,April,21,2018,6,LT,1,1,eristalis,syrphid,"large syrphid, likely stipator",N,eristalis,,,,,,
,,4.21.2018,April,21,2018,10,EC,1,1,lasioglossum,bee,,,lasioglossum,,,,,,
,,4.21.2018,April,21,2018,12,EC,1,1,Euphilotes mojave,lep,photo,,hairstreak,,,,,,
,,4.21.2018,April,21,2018,12,EC,1,1,perdita?,bee,,N,perdita?,,,,,,
,,4.21.2018,April,21,2018,17,PP,1,1,diadasia,bee,"light eyes, rinconis?",,diadasia,,,,,,
,,4.22.2018,April,22,2018,23,EC,1,1,Eumeninae -red,wasp,have voucher from s.mex - nectar robber of smex,,wasp?,,,,,,
,,4.22.2018,April,22,2018,25,SD,1,1,e. volucris,syphid,,,scaeva pyrastri,,,,,,
,,4.22.2018,April,22,2018,27,PP,1,1,diadasia,bee,"light eyes, rinconis?",,diadasia,,,,,,
,,4.22.2018,April,22,2018,28,EL,1,1,completely missed bee,bee,,,completely missed bee,,,,,,
,,4.22.2018,April,22,2018,28,EL,1,0,mythicomyiidae,fly,,,mythicomyiidae,,,,,,
,,4.22.2018,April,22,2018,28,EL,1,0,snakefly,,,,snakefly,,,,,,
,,4.22.2018,April,22,2018,30,LT,1,1,honeybee,honeybee,,,honeybee,,,,,,
,,4.22.2018,April,22,2018,31,PP,1,1,diadasia,bee,"light eyes, rinconis?",,diadasia,,,,,,
,,4.22.2018,April,22,2018,33,LT,1,1,colletes,bee,looks like photos from teutonia!,,colletes,,,,,,
,,4.22.2018,April,22,2018,35,LT,1,1,osmia,bee,,,osmia,,,,,,
,,4.22.2018,April,22,2018,38,LT,1,1,colletes,bee,,,hesperapis,,,,,,
,,4.22.2018,April,22,2018,38,LT,1,1,honeybee,honeybee,,,honeybee,,,,,,
,,4.22.2018,April,22,2018,43,EC,1,1,lasioglossum,bee,,,lasioglossum,,,,,,
,,4.23.2018,April,23,2018,47,AS,1,1,hylaeus,bee,same white faced,,hylaeus,,,,,,
,,4.23.2018,April,23,2018,47,AS,1,0,mythicomyiidae,fly,,,mythicomyiidae,,,,,,
,,4.23.2018,April,23,2018,49,SD,1,1,"bee - small/medium, grey fuzzy, round and longish abdomen. Small apiaform or megachile. Medium length antenna. Have spotted several times of salvia dorria",bee,,,"bee - small/medium, grey fuzzy, round and longish abdomen. Small apiaform or megachile. Medium length antenna. Have spotted several times of salvia dorria",,,,,,
,,4.23.2018,April,23,2018,50,SM,1,1,Calypte costae,hummingbird,green with white belly,,hummingbird,,,,,,
,,4.23.2018,April,23,2018,52,SD,1,1,bombylinae - orange,beefly,,,bombylinae - orangey fuzzy beefly,,,,,,
,,4.23.2018,April,23,2018,52,SD,1,1,desert swallowtail,lep,,,desert swallowtail,,,,,,
,,4.23.2018,April,23,2018,52,SD,1,1,osmia,bee,,,osmia,,,,,,
,,4.23.2018,April,23,2018,53,PP,1,1,ashmeadiella ,bee,,,cactus meg,,,,,,
,,4.23.2018,April,23,2018,54,AS,1,1,bombyliidae - Part smokey wings,beefly,,,beefly - voucher from earlier,,,,,,
,,4.23.2018,April,23,2018,54,AS,1,1,calypterate fly,fly,,,calypterate fly,,,,,,
,,4.23.2018,April,23,2018,55,PP,1,1,ashmeadiella,bee,,,cactus meg,,,,,,
,,4.23.2018,April,23,2018,61,LT,1,1,colletes,bee,,,colletes,,,,,,
,,4.23.2018,April,23,2018,62,LT,1,1,honeybee,honeybee,,,honeybee,,,,,,
,,4.23.2018,April,23,2018,65,EC,1,0,mythicomyiidae,fly,,,mythicomyiidae,,,,,,
,,4.23.2018,April,23,2018,67,EC,1,0,green plant bug,,same as voucher,,green plant bug,,,,,,
,,4.24.2018,April,24,2018,71,AS,1,1,ammophila,wasp,"1/2 red abdomen, small, delicate ",,ammophila,,,,,,
,,4.24.2018,April,24,2018,71,AS,1,1,Yponomeutoidea ,lep,have several caught,,small silvery moth,,,,,,
,,4.24.2018,April,24,2018,72,PP,1,1,lasioglossum,bee,"greenish, looks same as caught erlier",,lasioglossum,,,,,,
,,4.24.2018,April,24,2018,73,AS,1,1,Yponomeutoidea ,lep,,,small silvery moth,,,,,,
,,4.24.2018,April,24,2018,77,PP,1,1,diadasia,bee,,,diadasia?,,,,,,
,,4.24.2018,April,24,2018,77,PP,1,1,Euphilotes mojave,lep,"walked through pollen, mostly on edge of flower",,grey hairstreak,,,,,,
,,4.24.2018,April,24,2018,82,LT,1,1,"bombyliidae - grey, slender",beefly,,,"bombyliidae - grey, slender - I think I have caught before. It is the one always are the ground landing.",,,,,,
,,4.24.2018,April,24,2018,82,LT,1,1,centris,bee,,,red-eyed centris,,,,,,
,,4.24.2018,April,24,2018,82,LT,1,1,honeybee,honeybee,,,honeybee,,,,,,
,,4.24.2018,April,24,2018,86,LT,1,1,megachile ,bee,same as caught on 85,,megachile - same as caught on 85,,,,,,
,,4.24.2018,April,24,2018,87,SC,1,1,diadasia,bee,,,diadasia,,,,,,
,,4.24.2018,April,24,2018,87,SC,1,1,lasioglossum,bee,,,lasioglossum,,,,,,
,,4.24.2018,April,24,2018,90,EC,1,1,"bombyliidae - grey, slender",beefly,,,"bombyliidae - grey, slender - I think I have caught before. It is the one always are the ground landing.",,,,,,
,,4.24.2018,April,24,2018,91,EC,1,1,ammophila,wasp,"silver face, 1/2 black abdomen. Same",,ammophila,,,,,,
,,4.24.2018,April,24,2018,91,EC,1,1,hylaeus,bee,2 yellow face stripes,,hylaeus,,,,,,
,,4.24.2018,April,24,2018,94,EC,1,1,hylaeus,bee,2 yellow face stripes,,hylaeus,,,,,,
,,4.24.2018,April,24,2018,94,EC,1,1,sarcophagidae,fly,,,sarcophagidae,,,,,,
,,4.24.2018,April,24,2018,96,LT,1,1,colletes,bee,,,hesperapis,,,,,,
,,4.25.2018,April,25,2018,98,AS,1,1,agromyzidae,fly,many vouchers,,black ovipositor fly ,,,,,,
,,4.25.2018,April,25,2018,99,PP,1,1,diadasia,bee,,,diadasia,,,,,,
,,4.25.2018,April,25,2018,106,EC,1,1,bombylinae - grey,beefly,bomylinae,,grey fluffy beefly,,,,,,
,,4.25.2018,April,25,2018,106,EC,1,0,mythicomyiidae,fly,,,mythicomyiidae,,,,,,
,,4.25.2018,April,25,2018,107,EC,1,1,megachilidae - 107,bee,"ashmeadiella or heriades, light colour clypeu, white hair bands, 5mm",,megachilidae,,,,,,
,,4.25.2018,April,25,2018,108,AS,1,1,hylaeus,bee,yellow stripe,,hylaeus,,,,,,
,,4.25.2018,April,25,2018,109,LT,1,1,megachilidae - 107,bee,same as 107 EC bee,,megachilidae,,,,,,
,,4.25.2018,April,25,2018,110,EC,1,1,bombylinae - orange,beefly,photo,,orange beefly,,,,,,
,,4.25.2018,April,25,2018,111,EC,1,1,"bombyliidae - grey, 3 stripes",beefly,"have voucher caught from ground near 112, grey, 3 stripes, hangs out on ground",,beefly,,,,,,
,,4.25.2018,April,25,2018,113,AS,1,1,"bombyliidae - grey, slender",beefly,,,grey bombylid,,,,,,
,,4.25.2018,April,25,2018,118,LT,1,1,colletes,bee,,,hesperapis,,,,,,
,,4.26.2018,April,26,2018,125,SC,1,1,ashmeadiella,bee,,,ashmeadiella,,,,,,
,,4.26.2018,April,26,2018,125,SC,1,1,diadasia,bee,,,diadasia,,,,,,
,,4.26.2018,April,26,2018,130,HH,1,1,ashmeadiella,bee,,,ashmeadiella,,,,,,
,,4.26.2018,April,26,2018,131,LT,1,1,honeybee,honeybee,,,honeybee,,,,,,
,,4.26.2018,April,26,2018,132,EC,1,1,"bombyliidae - grey, slender",beefly,,,grey bombylid,,,,,,
,,4.26.2018,April,26,2018,132,EC,1,1,honeybee,honeybee,,,honeybee,,,,,,
,,4.26.2018,April,26,2018,132,EC,1,1,hylaeus,bee,white/yellow faced,,hylaeus,,,,,,
,,4.27.2018,April,27,2018,139,SC,1,1,ashmeadiella,bee,,,ashmeadiella,,,,,,
,,4.27.2018,April,27,2018,141,AS,1,1,"bombyliidae - grey, slender",beefly,same as all,,grey bombylid,,,,,,
,,4.27.2018,April,27,2018,141,AS,1,1,lasioglossum,bee,"dark, small. Looks same as cactus voucher earlier. ",,lasioglossum,,,,,,
,,4.27.2018,April,27,2018,141,AS,1,0,mythicomyiidae,fly,,,mythicomyiidae,,,,,,
,,4.27.2018,April,27,2018,142,AS,1,1,bembecini ,wasp,,,bembecini ,,,,,,
,,4.27.2018,April,27,2018,143,EC,1,1,"bee, grey faced. Very fast!",bee,,,"bee, grey faced. Very fast!",,,,,,
,,4.27.2018,April,27,2018,143,EC,1,1,"bombyliidae - grey, slender",beefly,,,grey bombylid,,,,,,
,,4.27.2018,April,27,2018,143,EC,1,1,pompilidae,wasp,"silvery, black, look same as pan traps",,pompilidae,,,,,,
,,4.27.2018,April,27,2018,145,LT,1,1,honeybee,honeybee,,,honeybee,,,,,,
,,4.27.2018,April,27,2018,146,EC,1,1,"bombyliidae - grey, slender",beefly,,,grey bombylid,,,,,,
,,4.27.2018,April,27,2018,147,EC,1,1,black/blue wasp,wasp,fast,,black/blue wasp,,,,,,
,,4.27.2018,April,27,2018,149,LT,1,1,Calypte costae,hummingbird,,,green hummingbird,,,,,,
,,4.27.2018,April,27,2018,149,LT,1,1,colletes,bee,,,colletes,,,,,,
,,4.27.2018,April,27,2018,152,SC,1,0,chrysididae,wasp,,,chrysdidae,,,,,,
,,4.27.2018,April,27,2018,153,EC,1,1,"tiny bee, white face, black, escaped",bee,,,"tiny bee, white face, black, escaped",,,,,,
,,4.27.2018,April,27,2018,156,SC,1,1,diadasia,bee,,,diadasia,,,,,,
,,4.27.2018,April,27,2018,156,SC,1,1,lasioglossum?,bee,very small black bee,,lasioglossum?,,,,,,
,,4.27.2018,April,27,2018,159,LT,1,1,colletes,bee,,,hesperapis,,,,,,
,,4.27.2018,April,27,2018,159,LT,1,1,hylaeus,bee,,,hylaeus,,,,,,
,,4.27.2018,April,27,2018,161,SM,1,0,Eumeninae -red,wasp,"have voucher, not pollinating",,nectar robbing wasp  ,,,,,,
,,4.28.2018,April,28,2018,163,LT,1,1,honeybee,honeybee,,,honeybee,,,,,,
,,4.28.2018,April,28,2018,166,PP,1,1,diadasia,bee,,,diadasia,,,,,,
,,4.28.2018,April,28,2018,166,PP,1,1,tachinid,fly,,,tachinid,,,,,,
,,4.28.2018,April,28,2018,169,LT,1,1,lasioglossum,bee,"greenish, looks same as caught erlier, a bit fuzzy",,lasioglossum,,,,,,
,,4.28.2018,April,28,2018,172,EC,1,1,tachinid,fly,,,tachinid,,,,,,
,,4.28.2018,April,28,2018,176,AS,1,1,collops,bee,,,"melyrid beetle, red and black",,,,,,
,,4.28.2018,April,28,2018,177,AS,1,1,"bombyliidae - grey, 3 stripes",beefly,3 stripe,,grey bombylid,,,,,,
,,4.28.2018,April,28,2018,182,LT,1,1,colletes,bee,,,hesperapis,,,,,,
,,4.28.2018,April,28,2018,183,SM,1,1,anthophora,bee,,,white face eucera - have voucher,,,,,,
,,4.28.2018,April,28,2018,183,SM,1,1,Eumeninae -red,wasp,touched flower,,nectar robbing wasp  ,,,,,,
,,4.28.2018,April,28,2018,185,AS,1,1,pompilidae,wasp,,,"silvery wasp, have voucher",,,,,,
,,4.28.2018,April,28,2018,189,EC,1,0,mythicomyiidae,fly,,,mythicomyiidae,,,,,,
,,4.28.2018,April,28,2018,190,EC,1,1,"bombyliidae - grey, 3 stripes",beefly,3 stripe,,grey bombylid,,,,,,
,,4.28.2018,April,28,2018,192,EC,1,1,"bombyliidae - grey, 3 stripes",beefly,3 stripe,,grey bombylid,,,,,,
,,4.28.2018,April,28,2018,195,SD,1,1,ashmeadiella,bee,,,"megachilidae, looks like ashmeadiella",,,,,,
,,4.28.2018,April,28,2018,196,SC,1,1,diadasia,bee,,,diadasia,,,,,,
,,4.30.2018,April,30,2018,198,SC,1,1,diadasia,bee,,,diadasia,,,,,,
,,4.30.2018,April,30,2018,199,LT,1,1,e. volucris,syphid,,,scaeva pyrastri,,,,,,
,,4.30.2018,April,30,2018,202,SC,1,1,diadasia,bee,,,diadasia,,,,,,
,,4.30.2018,April,30,2018,206,EC,1,1,tachinid,fly,,,tachinid,,,,,,
,,4.30.2018,April,30,2018,208,PP,1,1,Euphilotes mojave,lep,grey with orange spot,,hairstreak,,,,,,
,,4.30.2018,April,30,2018,209,SM,1,1,anthophora,bee,,,white face eucera - have voucher,,,,,,
,,4.30.2018,April,30,2018,209,SM,1,1,Euphilotes mojave,lep,photos,,hairstreak,,,,,,
,,4.30.2018,April,30,2018,211,LT,1,1,colletes,bee,,,hesperapis,,,,,,
,,4.30.2018,April,30,2018,211,LT,1,1,honeybee,honeybee,,,honeybee,,,,,,
,,4.30.2018,April,30,2018,215,EC,1,1,ammophila,wasp,,,ammophila,,,,,,
,,4.30.2018,April,30,2018,216,AS,1,1,hylaeus,bee,,,hylaeus,,,,,,
,,4.30.2018,April,30,2018,218,EC,1,1,hylaeus,bee,,,hylaeus,,,,,,
,,4.30.2018,April,30,2018,219,LT,1,1,honeybee,honeybee,,,honeybee,,,,,,
,,4.30.2018,April,30,2018,230,EC,1,1,hylaeus,bee,white/yellow faced,,hylaeus,,,,,,
,,4.30.2018,April,30,2018,231,AS,1,0,mythicomyiidae,fly,,,mythicomyiidae,,,,,,
,,4.30.2018,April,30,2018,235,SC,1,1,diadasia,bee,,,diadasia,,,,,,
,,4.30.2018,April,30,2018,235,BW,1,1,Euphilotes mojave,lep,grey with orange spot,,hairstreak,,,,,,
,,5.3.2018,May,3,2018,237,SM,1,0,Eumeninae -red,wasp,robbing,,nectar robbing wasp  ,,,,,,
,,5.3.2018,May,3,2018,241,EC,1,0,mythicomyiidae,fly,dark,,mythicomyiidae,,,,,,
,,5.3.2018,May,3,2018,242,LT,1,1,hesperapis,bee,same as voucher from this session,,bee,,,,,,
,,5.3.2018,May,3,2018,247,AS,1,1,"tiny bee, white face, black, escaped",bee,,,"tiny bee, white face, black, escaped",,,,,,
,,5.3.2018,May,3,2018,248,SC,1,1,diadasia,bee,"<1s, multiple flowers",,diadasia,,,,,,
,,5.3.2018,May,3,2018,248,SC,1,1,honeybee,honeybee,,,honeybee,,,,,,
,,5.3.2018,May,3,2018,250,LT,1,1,colletes,bee,,,hesperapis,,,,,,
,,5.3.2018,May,3,2018,251,AS,1,1,agromyzidae,fly,,,black ovipositor fly ,,,,,,
,,5.3.2018,May,3,2018,251,AS,1,1,bembecini ,wasp,,,bembecini ,,,,,,
,,5.3.2018,May,3,2018,253,SD,1,1,eristalis,syrphid,"abdomen yellow see drawing, face protrudes a lot",,eristalis,,,,,,
,,5.3.2018,May,3,2018,254,BW,1,1,eristalis,syrphid,"abdomen yellow see drawing, face protrudes a lot",,eristalis,,,,,,
256.SC.May.3.2018.Braun.1,Packer lab,5.3.2018,May,3,2018,256,SC,V,1,diadasia,bee,this is voucher,wrong number I think - was labelled 266,diadasia,,,,,,
,,5.3.2018,May,3,2018,258,EC,1,0,mythicomyiidae,fly,,,mythicomyiidae,,,,,,
,,5.4.2018,May,4,2018,265,LT,1,1,colletes,bee,,,hesperapis,,,,,,
,,5.4.2018,May,4,2018,266,SC,1,1,Calypte costae,hummingbird,"green, white belly",,hummingbird,,,,,,
,,5.4.2018,May,4,2018,270,AS,1,1,agromyzidae,fly,,,black ovipositor fly ,,,,,,
,,5.4.2018,May,4,2018,277,AS,1,1,allograpta exotica,syrphid,same as voucher from larrea earlier,,syrphid,,,,,,
,,5.4.2018,May,4,2018,280,EC,1,1,agromyzidae,fly,,,black ovipositor fly ,,,,,,
,,5.4.2018,May,4,2018,281,EC,1,1,agromyzidae,fly,"yellow face, early vouchers",,black shiny fly,,,,,,
,,5.4.2018,May,4,2018,281,EC,1,1,hylaeus,bee,white/yellow faced,,hylaeus,,,,,,
,,5.4.2018,May,4,2018,285,SC,1,1,ashmeadiella,bee,cactus meg but looks less long,,ashmeadiella,,,,,,
,,5.4.2018,May,4,2018,286,LT,1,1,colletes,bee,,,hesperapis,,,,,,
,,5.5.2018,May,5,2018,288,SC,1,1,ashmeadiella,bee,,,ashmeadiella,,,,,,
,,5.5.2018,May,5,2018,291,AS,1,0,ants,ant,"reddish head, small",,ants,,,,,,
,,5.5.2018,May,5,2018,294,LT,1,1,centris,bee,voucher from neighbour,,centris,,,,,,
,,5.5.2018,May,5,2018,294,LT,1,1,hoplitis?,bee,"grey thorax, black abdomen",,hoplitis?,,,,,,
,,5.5.2018,May,5,2018,295,LT,1,1,pseudodoros clavatus,syphid,pseudoscaeva?,,syrphid,,,,,,
,,5.5.2018,May,5,2018,299,AS,1,1,"bombyliidae - grey, 3 stripes",beefly,3 stripe,,grey bombylid,,,,,,
,,5.5.2018,May,5,2018,300,BW,1,1,ammophila,wasp,"small, silvery, red and black abdomen",,ammophila,,,,,,
,,5.5.2018,May,5,2018,301,BW,1,1,ammophila,wasp,,,ammophila,,,,,,
,,5.5.2018,May,5,2018,301,BW,1,1,tephritidae,fly,"spot on wing, tephritidae?",,green fly,,,,,,
,,5.5.2018,May,5,2018,305,BW,1,1,Eumeninae -red,wasp,not robbing,,nectar robbing wasp  ,,,,,,
,,5.5.2018,May,5,2018,305,BW,1,1,Euphilotes mojave,lep,"orange spot, photos",,hairstreak,,,,,,
,,5.5.2018,May,5,2018,306,LT,1,1,centris,bee,"blue-eyed, voucher frome earlier",,centris,,,,,,
,,5.5.2018,May,5,2018,310,BW,1,1,ammophila,wasp,,,ammophila,,,,,,
,,5.5.2018,May,5,2018,310,BW,1,1,Euphilotes mojave,lep,"orange spot, photos",,hairstreak,,,,,,
,,5.5.2018,May,5,2018,311,SC,1,1,ashmeadiella,bee,,,ashmeadiella,,,,,,
,,5.6.2018,May,6,2018,314,SC,1,1,ashmeadiella,bee,,,ashmeadiella,,,,,,
,,5.6.2018,May,6,2018,314,SC,1,1,omomyia,fly,,,ulididae,,,,,,
,,5.6.2018,May,6,2018,316,LT,1,1,bembecini ,wasp,same,,bembecini ,,,,,,
,,5.6.2018,May,6,2018,316,LT,1,1,Euphilotes mojave,lep,grey with orange spot,,hairstreak,,,,,,
,,5.6.2018,May,6,2018,319,LT,1,1,centris,bee,red-eyed,,centris,,,,,,
,,5.6.2018,May,6,2018,322,SC,1,1,megachile,bee,looks like one caught from larrea ,,megachile ,,,,,,
,,5.6.2018,May,6,2018,323,AS,1,1,mellisodes,bee,"looks like melissodes, right now, long reddish antenna",,male longhorn,,,,,,
,,5.6.2018,May,6,2018,323,AS,1,1,tiny bee,bee,"red abdomen, white on face. 1/4 size of lasioglossum - maybe a perdita?",,tiny bee,,,,,,
,,5.6.2018,May,6,2018,325,LT,1,1,allograpta exotica,syrphid,looks same as previous small yellow and black voucher,,sryphid,,,,,,
,,5.6.2018,May,6,2018,326,SC,1,1,ashmeadiella,bee,,,ashmeadiella,,,,,,
,,5.6.2018,May,6,2018,334,EC,1,0,mythicomyiidae,fly,,,mythicomyiidae,,,,,,
,,5.6.2018,May,6,2018,335,SC,1,1,diadasia,bee,,,diadasia,,,,,,
,,5.7.2018,May,7,2018,336,BW,1,1,Eumeninae -red,wasp,,,nectar wasp,,,,,,
,,5.7.2018,May,7,2018,336,BW,1,1,hylaeus,bee,2 stripe,,hylaeus,,,,,,
,,5.7.2018,May,7,2018,338,BW,1,1,Eumenes?,wasp,"yellow and black, slender gaster ending in bulbous end. Wings held out",,wasp - eumenes?,,,,,,
,,5.7.2018,May,7,2018,338,BW,1,1,Euphilotes mojave,lep,,,hairstreak,,,,,,
,,5.7.2018,May,7,2018,339,LT,1,1,colletes,bee,,,hesperapis,,,,,,
,,5.7.2018,May,7,2018,339,LT,1,1,lasioglossum,bee,,,lasioglossum,,,,,,
,,5.7.2018,May,7,2018,340,BW,1,1,ammophila,wasp,"larger, silvery, red and black",,ammophila,,,,,,
,,5.7.2018,May,7,2018,340,BW,1,1,eristalis,syrphid,same,,eristalis,,,,,,
,,5.7.2018,May,7,2018,343,SC,1,1,omomyia,fly,"brown, same",,ulididae,,,,,,
,,5.7.2018,May,7,2018,345,LT,1,1,colletes,bee,,,colletes,,,,,,
,,5.7.2018,May,7,2018,346,AS,1,1,"bombyliidae - grey, 3 stripes",beefly,3 stripe,,grey bombylid,,,,,,
,,5.7.2018,May,7,2018,346,AS,1,1,mellisodes,bee,,,mellisodes,,,,,,
,,5.7.2018,May,7,2018,349,LT,1,1,colletes,bee,,,hesperapis,,,,,,
,,5.7.2018,May,7,2018,350,SC,1,1,diadasia,bee,,,diadasia,,,,,,
,,5.7.2018,May,7,2018,352,BW,1,1,Eumeninae -red,wasp,,,nectar wasp,,,,,,
,,5.7.2018,May,7,2018,354,BW,1,1,Eumeninae -red,wasp,,,nectar wasp,,,,,,
,,5.7.2018,May,7,2018,355,BW,1,1,Eumeninae -red,wasp,,,nectar wasp,,,,,,
,,5.7.2018,May,7,2018,357,LT,1,1,honeybee,honeybee,,,honeybee,,,,,,
,,5.7.2018,May,7,2018,359,SC,1,1,ashmeadiella,bee,,,ashmeadiella,,,,,,
,,5.7.2018,May,7,2018,359,SC,1,1,diadasia,bee,,,diadasia,,,,,,
,,5.8.2018,May,8,2018,361,AS,1,1,mellisodes,bee,,,mellisodes,,,,,,
,,5.8.2018,May,8,2018,363,SC,1,1,diadasia,bee,,,diadasia,,,,,,
,,5.8.2018,May,8,2018,365,BW,1,1,ammophila,wasp,,,ammophila,,,,,,
,,5.8.2018,May,8,2018,365,BW,1,1,bombylid - black and white,beefly,same as voucer from 361,,bombylid,,,,,,
,,5.8.2018,May,8,2018,365,BW,1,1,Eumeninae -red,wasp,not robbing,,nectar wasp,,,,,,
,,5.8.2018,May,8,2018,365,BW,1,1,Coleophora,lep,photos,,moth thing,,,,,,
,,5.8.2018,May,8,2018,366,LT,1,1,allograpta exotica,syrphid,"yellow and black, small. Have a voucher",,syrphid,,,,,,
,,5.8.2018,May,8,2018,366,LT,1,1,centris,bee,red-eyed,,centris,,,,,,
,,5.8.2018,May,8,2018,367,BW,1,1,bombylinae - grey,beefly,,,grey fluffy beefly,,,,,,
,,5.8.2018,May,8,2018,367,BW,1,1,Eumenes?,wasp,vespid,,eumenes?,,,,,,
,,5.8.2018,May,8,2018,367,BW,1,1,Coleophora,lep,,,moth thing,,,,,,
,,5.8.2018,May,8,2018,369,AS,1,1,bombylid - black and white,beefly,same as voucher from 361,,bombylid,,,,,,
,,5.8.2018,May,8,2018,369,AS,1,1,mellisodes,bee,,,mellisodes,,,,,,
,,5.8.2018,May,8,2018,369,AS,1,0,minute pirate bug,,,,minute pirate bug,,,,,,
,,5.8.2018,May,8,2018,370,LT,1,1,hesperapis,bee,,,hesperapis,,,,,,
,,5.8.2018,May,8,2018,370,LT,1,1,honeybee,honeybee,,,honeybee,,,,,,
,,5.8.2018,May,8,2018,371,AS,1,1,colletes,bee,"smaller, long abdome. Caught a couple later",,colletes?,,,,,,
,,5.8.2018,May,8,2018,371,AS,1,1,mellisodes,bee,,,mellisodes,,,,,,
,,5.8.2018,May,8,2018,372,AS,1,1,colletes,bee,"smaller, long abdome. Caught a couple later",,colletes?,,,,,,
,,5.8.2018,May,8,2018,375,BW,1,1,Coleophora,lep,,,moth thing,,,,,,
,,5.8.2018,May,8,2018,376,EC,1,1,striped beetle,beetle,have voucher,,beetle that looks like cuke beetle,,,,,,
,,5.8.2018,May,8,2018,377,LT,1,1,centris,bee,red-eyed,,centris,,,,,,
,,5.8.2018,May,8,2018,378,BW,1,1,sarcophagidae,fly,,,sarcophagidae,,,,,,
,,5.8.2018,May,8,2018,379,BW,1,1,ammophila,wasp,,,ammophila,,,,,,
,,5.8.2018,May,8,2018,379,BW,1,1,hylaeus,bee,"could see face, white markings on legs",,hylaeus,,,,,,
,,5.8.2018,May,8,2018,380,AS,1,1,ammophila,wasp,,,ammophila,,,,,,
,,5.8.2018,May,8,2018,380,AS,1,1,Eumeninae -red,wasp,,,nectar wasp,,,,,,
,,5.8.2018,May,8,2018,381,AS,1,1,mellisodes,bee,"female? Green eyes, shorter antenna",,mellisodes,,,,,,
,,5.8.2018,May,8,2018,381,AS,1,1,tachinid,fly,,,"tachinid - small, black",,,,,,
,,5.8.2018,May,8,2018,382,SC,1,1,ashmeadiella,bee,,,ashmeadiella,,,,,,
,,5.8.2018,May,8,2018,383,SC,1,1,Calypte costae,hummingbird,green with white belly,,hummingbird,,,,,,
,,5.8.2018,May,8,2018,385,SC,1,1,diadasia,bee,stripey,,diadasia,,,,,,
